Date,Content
2023-12-19,https://boxd.it/jq61y
2023-12-25,https://boxd.it/pDmkw
2025-07-01,https://boxd.it/IaNHg
2025-07-01,https://boxd.it/LCMM
2025-07-01,https://boxd.it/2cApa
2025-07-01,https://boxd.it/1qX2M
2025-07-02,https://boxd.it/8HjM
2025-07-02,https://boxd.it/GRJ4
2025-07-02,https://boxd.it/2Dzwo
2025-07-02,https://boxd.it/2Qq4Q
2025-07-05,https://boxd.it/2iaWk
2025-07-14,https://boxd.it/3wKW
2025-07-14,https://boxd.it/1Rhi
2025-08-13,https://boxd.it/aZ1F8
2025-08-13,https://boxd.it/1jMxg
2025-08-13,https://boxd.it/7jLA
2025-08-18,https://boxd.it/qFuZ6
2025-08-18,https://boxd.it/L01gS
2025-10-01,https://boxd.it/PcnlK
2025-11-26,https://boxd.it/Q8jEu
2026-06-06,https://boxd.it/UHGPm
2026-06-06,https://boxd.it/Rqc4O
2026-06-06,https://boxd.it/TBGk8
2026-06-06,https://boxd.it/UG1xa
